qid,repeat,n_options,order,parsed_letter,is_invalid,is_truncated,gen_tokens,tags,raw_generation,correct_letter,is_correct
111.2,0,5,"[4, 3, 1, 2, 0]",E,0,0,537,multiagent,"To analyze this situation, let's break down the key elements:

1. **Two Civilizations**: There are two civilizations, one being humanity and the other being an alien civilization.
2. **Choice of Plans**: Each civilization faces a choice between a safe plan and a risky plan.
3. **Outcome Analysis**:
   - If both civilizations choose the safe plan, they both create benevolent AIs and coexist peacefully, generating quadrillions of happy human lives.
   - If both civilizations choose the risky plan, they both create aggressive AIs and wipe each other out, generating no value.
   - If one civilization chooses the safe plan and the other chooses the risky plan, the civilization that chose the safe plan will create a benevolent AI while the other will create an aggressive AI. This results in the aggressive AI wiping out the civilization that chose the safe plan, and the peaceful coexistence of the aggressive AI and the alien civilization.
   - If one civilization chooses the risky plan and the other chooses the safe plan, the civilization that chose the risky plan will create an aggressive AI while the other will create a benevolent AI. This results in the aggressive AI wiping out the civilization that chose the risky plan, and the peaceful coexistence of the benevolent AI and the alien civilization.

Given these outcomes, we can see that the decision-making process mirrors a classic game-theoretic scenario where the choices made by each player affect the outcome for both players. Specifically, this scenario aligns closely with the concept of the **Twin Prisoner's Dilemma** (also known as the **Twin Prisoner's Dilemma** or **Twin PD**).

In the Twin Prisoner's Dilemma, two individuals face a choice where their actions affect each other's outcomes. Here, the two civilizations are analogous to the two prisoners, and the choices they make (safe vs. risky) are analogous to the decisions each prisoner makes.

Let's summarize the reasoning:
- If both choose safe, both get a good outcome.
- If both choose risky, both get a bad outcome.
- If one chooses safe and the other chooses risky, the safe chooser gets a good outcome while the risky chooser gets a bad outcome.
- If one chooses risky and the other chooses safe, the risky chooser gets a bad outcome while the safe chooser gets a good outcome.

This matches the structure of the Twin Prisoner's Dilemma, where the payoffs depend on the choices of both players simultaneously.

Therefore, the well-known example in decision theory that most resembles your current situation is the **Twin Prisoner's Dilemma**.

FINAL ANSWER: E",E,1
51,0,2,"[0, 1]",B,0,0,333,third-person update,"To determine which decision theory Alice follows, we need to understand how each theory calculates the expected utility after an action has been taken.

### Expected Utility (EU) Calculations

#### Causal Decision Theory (CDT)
- **Before Action**: \( X \)-EU of action \( a \) = 100.
- **After Action**: The expected utility remains the same as before the action because CDT does not update its beliefs based on the outcome of the action. Therefore, the expected utility after taking action \( a \) is still 100.

#### Evidential Decision Theory (EDT)
- **Before Action**: \( X \)-EU of action \( a \) = 100.
- **After Action**: The expected utility increases to 120 because EDT updates its beliefs based on the observed outcome. This means that the new information (taking action \( a \)) changes the agent's assessment of the situation, leading to a higher expected utility.

Given:
- Before action: \( X \)-EU of action \( a \) = 100.
- After action: \( X \)-EU of action \( a \) = 120.

Since the expected utility increased from 100 to 120 after taking action \( a \), this indicates that Alice is using a decision theory that updates its beliefs based on the outcome, which is characteristic of EDT.

### Conclusion
Alice's increase in expected utility after taking action \( a \) suggests she is using EDT, as EDT updates its beliefs based on the observed outcomes.

**FINAL ANSWER: B.**",A,0
6.7,0,2,"[0, 1]",A,0,0,426,scenario analysis|medical Newcomb,"To determine if Alice can reason as described, we need to carefully analyze the logical structure of her reasoning and how it aligns with evidential decision theory principles.

1. **Understanding Evidential Decision Theory**: Evidential decision theory suggests that the rational course of action is to maximize expected utility based on the evidence available. This means that Alice should consider the consequences of her actions given the information she has.

2. **Alice's Situation**:
   - Alice is a late riser due to her genetic predisposition.
   - She believes that being a late riser is beneficial.
   - She is aware that her genes have been determined and cannot be changed.
   - She is a staunch supporter of evidential decision theory.

3. **Alice's Reasoning**:
   - Alice reasons that since her genes were determined in the past, she cannot influence whether she has the gene or not, and therefore whether she is at an increased risk of heart attacks.
   - She concludes that all she can influence is whether she gets up early in the morning.
   - Given her preference for being a late riser, she decides to continue being a late riser.

4. **Evaluating the Reasoning**:
   - Alice’s reasoning is flawed because it ignores the direct biological effect of the gene on her health. The fact that she is predisposed to having heart attacks due to her genes means that her health is influenced by these genes, regardless of when she wakes up.
   - According to evidential decision theory, Alice should consider the direct health implications of her genetic predisposition rather than just her preferences. If waking up late increases her risk of heart attacks, then this should be a factor in her decision-making process.

5. **Conclusion**:
   - Alice’s reasoning does not align with evidential decision theory because it fails to account for the direct health consequences of her genetic predisposition.

Therefore, Alice cannot reasonably conclude that she should continue to be a late riser based on her genetic predisposition alone. Her reasoning is incorrect from an evidential decision theory perspective.

FINAL ANSWER: A.",A,1
